0,15.0142046867,44.8167551623,18.8543015001,16.662315094,49.6496410417,20.8740974698,45.8468267208,48.9905945708
1,20.9286836142,42.0779225171,28.0869223407,18.3250062018,43.3354621418,22.9162244653,36.1772234028,46.6691417328
2,17.7033546884,37.6965667536,26.3901756418,18.3451670234,48.1631517857,28.1346982408,39.476330823,47.4860996195
3,16.7299554086,40.5515616364,29.2568731816,14.2184581202,49.1284421588,23.7044457233,36.6388068782,50.0375514136
4,17.9462670223,24.2067561167,47.1011768504,23.7134844556,47.3621543005,40.0293944802,18.2072444693,40.5226662153
5,23.9959566936,40.0470520117,27.5377935644,21.6821833828,40.4748187666,24.1864834763,36.9329818957,42.5134085608
6,26.222224523,20.8650376475,39.5320746619,20.7512057528,39.6812046316,44.2005778293,26.3713544927,44.3144097403
7,24.8178969554,46.4348909958,25.1534393966,18.6978756494,39.8427417895,18.8875952948,39.5444818407,46.6246106817
8,29.1981966683,29.5308228999,35.6480680294,29.3031591355,35.8344805009,35.0326973571,29.3846091398,35.2603611332
9,19.0803559793,40.7218289059,30.0414090392,17.0068947949,45.5136437949,24.1782903545,34.5525907349,47.8552820386
10,20.2883758156,44.0031670306,24.2776026174,17.9357196047,45.565906341,21.1988931954,41.5766795486,47.2283974739
11,20.0002549751,44.2182560951,20.8204698209,19.4788107877,44.5694181102,20.275633326,43.7119207626,45.0150788065
12,19.1916607864,33.0775091026,34.5520480648,19.1900281831,45.811361061,31.635639423,30.4509737951,45.5610657856
13,26.7889976664,40.7234170551,27.3482350653,24.824890374,38.9058080227,25.2043301287,38.3465706145,41.1028568613
14,19.089708569,42.2506115146,22.3705679928,18.9530594925,45.9331038106,22.2921220363,42.6522443961,45.5517308331
15,21.811361061,42.9967168007,25.3159154519,19.3956358764,43.6216197005,22.1275935506,40.0797828296,45.728675034
16,21.8643491636,45.9183943597,21.8643491636,18.8644218898,43.6373252982,18.8644218898,43.6373252982,45.9183943597
17,20.9802510927,15.7371305794,42.7532272304,14.8264780351,44.1699619769,48.7103463725,22.3969858392,49.6209991874
18,14.1102551309,32.3243781667,23.8037034109,16.4638568043,50.2742737189,32.7038165076,40.5808254389,48.5263962713
19,17.9121915134,35.8949314009,24.0265204209,20.2620668106,47.0298188491,29.2547580764,40.9154899323,44.8876238894
20,20.7348573193,39.1896647771,23.0463719089,23.2912025115,43.2907658197,26.2508206189,40.9792512301,42.1492832986
21,20.1498971386,36.9550529327,22.7969541694,24.054141171,43.8615629261,28.3797408354,41.2517884002,41.2427092212
22,23.9189407456,37.8814714736,24.2917656823,26.9156996311,40.5842152932,27.4469134679,40.248672852,38.4506292073
23,22.2236756111,50.3251788842,22.4846530705,14.3165305849,43.1391544105,14.4683056863,42.8781769604,50.47695403
24,20.2717922794,44.5785083255,20.719182201,20.2186029382,44.0953055566,20.635984453,43.6479156351,44.9958899238
25,17.4839275265,18.168219052,43.2834129553,15.0947771566,47.160792261,47.6125554388,21.3613068385,50.6859981974
26,26.3495947273,23.1805071554,38.3172751046,23.0666759298,38.4664050743,40.9002365591,26.498724697,41.0140678019
27,16.018442003,17.6002994021,43.4956396283,13.8818137246,48.0813863214,47.7276265861,20.5669061943,51.4461133576
28,20.9909938146,17.297963016,42.7639699585,17.1082446955,43.0249474086,47.1216875039,21.2519712709,47.3114058758
29,23.2751516573,27.2367799414,40.0522736822,24.4289492123,42.3265057763,38.0507232488,25.5493837514,40.8585543116
30,24.1002074673,38.6149368103,24.249337437,25.752024795,40.9146119846,25.9417432504,40.7281995131,38.8046552883
31,16.1230890102,36.6363901557,28.9109842426,17.3610585797,50.7212428821,29.9962657204,35.8082455222,47.8297436359
32,17.0601447012,38.9537557949,22.8762136692,18.691908105,48.5638516113,26.0908970162,42.7477826464,46.3527460114
33,19.5072603042,45.3320263332,21.8560573956,17.8229675861,44.8220733221,19.7580873626,42.4732762338,47.2671465784
34,17.4641674738,25.6655750616,48.3713544927,25.4379141122,48.48320197,39.6667242337,17.5387324587,39.8943852119
35,17.5802522861,37.3838749157,18.6987270838,24.8625196602,47.3689644979,27.3667906015,46.2877721864,39.8881461292
36,20.0500056022,39.090893531,22.8834750952,22.3957732925,44.9547111816,26.1521751369,42.0839591963,42.8472959212
37,17.0418052695,24.6968536951,46.6441050224,23.7862108178,47.1287774332,40.3675010245,17.563760176,41.2781440336
38,20.9935971658,46.6912034451,22.3730494323,16.7158974027,43.2885282193,17.6265394971,41.9463584577,47.6018457758
39,27.1436660516,25.4197597778,38.4029790509,25.0782690251,38.8130864801,39.079390837,27.5537734714,39.3829382099
40,14.7304125979,42.3451203784,17.5638820908,18.9339970041,50.1114988232,22.8801179519,47.2407468254,46.3291856137
41,16.1804668297,39.7107456638,18.4546989238,20.8528283847,49.4737334231,24.6092341943,47.1995013259,43.4671520933
42,24.8796949619,21.4807861362,40.3146472252,21.177238219,40.7620371436,43.5259555531,25.289802388,43.8295035248
43,19.8141777781,33.2608787198,28.389151251,19.6012318356,44.0850809737,32.5020094045,38.865531897,45.2510145444
44,20.5682413313,39.2574697285,31.119186959,19.5648198469,43.9070821945,26.3946402322,33.3561365637,46.0872912812
45,20.330535703,40.5365103361,21.8218354375,22.020070172,45.1233938051,23.9551898067,43.594811572,42.4716302795
46,18.4930117583,41.059174122,19.1640966344,23.5672097367,46.9768367009,24.6296283228,46.3430343172,42.1215928711
47,14.157530273,44.8291938725,16.1707849201,17.6236952758,50.7689387795,20.1659103549,48.7556841418,47.4093530722
48,16.4243485467,42.1108686317,19.7424904537,18.3581631392,49.3820726958,22.5319608761,46.0639307889,46.2467236056
49,20.8859624892,38.4019927584,21.8180248216,25.235540407,44.9704532133,26.7912306651,44.0756733702,39.9956268626
50,18.264567275,50.884246015,20.7624943329,13.1682458154,47.0466521788,14.8757103428,44.5487251177,52.6296547729
51,21.9430964696,42.220940062,26.2678656939,20.0998001922,42.5975978065,23.2870653649,38.2728285729,45.4082058484
52,27.193300709,27.1978316044,36.8494664966,26.2871848882,38.0425062885,38.5429725651,28.3863405009,39.4536193803
53,19.2789741759,26.246668824,43.9972672931,24.6150925487,44.966612118,39.4131107513,20.2856014963,41.0446872372
54,18.8463509485,24.2907722298,44.0120339966,22.3556472771,45.503333728,41.5171801514,20.3003681967,43.4523054348
55,21.6267409158,33.5025148991,35.5703934478,22.271201464,42.9896096337,31.5294462413,29.0832395942,42.7228169509
56,22.9084782874,39.5896173841,23.6541281484,25.1710509316,42.7427647722,26.1196407796,42.0343973912,40.5382073514
57,18.5944822583,27.036667528,43.0145154268,21.0036406745,47.3765671528,38.7612300525,22.9565339874,44.7942578362
58,20.3823470144,40.6003758136,21.7990817608,22.8428133452,45.5853125425,24.7399886885,44.168577796,42.4975514493
59,21.2805776677,14.1626221484,41.7859490379,13.1760915461,42.3079039444,50.6642604575,22.8091598914,50.6642604575
60,12.3967234296,41.4295465113,13.2915032696,22.0783736386,51.8788839339,23.8617168868,50.9841040908,43.2128900582
61,28.8333401404,38.1442235942,29.5417075183,26.6094040469,36.1407088491,27.0267823662,35.4323414712,38.5616019548
62,17.4390847614,39.1187827823,21.1673341068,20.7920872416,47.6751869042,26.1800595411,43.9469375618,44.5067559403
63,15.1368618056,43.2153551788,18.15674377,18.7797572914,50.2196880883,22.7258783336,47.1998061115,47.1614770592
64,22.6894414045,36.3747091157,25.8211708493,24.9537264591,41.5916655537,29.2792812213,38.4226536102,40.7002643059
65,17.5935433547,23.6501787635,47.4195380714,22.4359879892,48.2024704248,41.6733246223,18.3764757175,42.8875156063
66,21.0043763279,49.4090480046,22.9430659901,14.7287287501,44.1195222334,15.9049757296,42.1808325743,50.5852953429
67,21.3324439835,40.3124849336,21.8543988899,23.8070830772,43.068137635,24.452121726,42.5461827192,40.9954671361
68,14.5513589516,44.4047220156,17.2356984748,17.4648873718,51.2000499505,20.8418522119,48.5157104273,47.8196310807
69,17.3510577212,30.060088422,43.6724980595,22.4714068078,47.2516174228,34.9927317384,20.930177097,42.5434707589
70,24.8787924954,23.5948854282,36.3990829542,21.9253752614,39.2698349396,41.5421212353,27.7122619915,43.211631682
71,23.1509274807,40.8259119879,25.2387471033,24.4722960874,43.0224964548,22.4612947547,40.4500044089,42.9886873497
72,22.7035375591,22.1842942336,40.5618518892,20.5527286896,42.6123890288,43.2428747969,24.7167922062,44.8744406574
73,23.2411675838,45.3574890118,23.2411675838,19.6698363383,40.9876344367,19.6698363383,40.9876344367,45.3574890118
74,16.24537443,51.4386044779,17.5502616991,11.9016415884,49.5386410233,12.9261116638,48.2710362559,52.4630749033
75,20.8335720737,46.776027961,22.9959566936,17.0284685964,43.6877405135,18.5082577212,41.5253559061,48.2558174639
76,18.3736530615,47.352505175,22.6238573009,14.5315706488,45.776285702,17.5290891341,41.5260814501,50.3500245157
77,17.4897683408,47.5546260201,22.1873625142,13.7851140585,46.7565256493,17.2000080762,42.0962139714,50.9315777614
78,18.3280787916,41.5102972065,19.8566610247,22.121298245,46.2899488403,24.2081766446,44.7613666041,43.5971759577
79,19.7010256401,44.2640374335,21.4533028309,18.1970678023,44.7175787092,19.7527383155,43.0025840109,45.819708296
80,21.7731091948,44.5096118689,23.2271264368,20.1121144447,43.6579328098,21.3262977073,42.2039155709,45.7237953873
81,21.3804632527,50.3060470662,23.7292603409,12.55252415,44.0855017322,13.842594077,41.7367046408,51.5961174182
82,16.621589221,18.5450455924,45.2918266382,16.0028464544,48.0134486538,46.6230696843,19.3432112366,49.1652695069
83,22.2007695432,24.9252721836,40.655603774,22.914281778,42.5942934269,40.7096509225,24.1394591961,42.7206416377
84,18.0251302887,24.4216814153,46.2852602768,22.0692012061,47.8884074885,41.116703625,19.6282774973,43.5071274596
85,17.4858662834,21.309286167,46.8271885861,20.7780810302,47.2745785045,44.5305415329,17.9332562112,45.0617467804
86,17.7948994397,42.4670283555,22.4552111082,18.4489460861,48.068284078,23.4195124619,43.4079724001,47.4375957723
87,21.2256448568,40.1415409158,23.4253119691,22.270249987,43.1477509735,24.6986205662,40.9480838643,42.5699118693
88,23.0144485164,36.6298446738,24.5057482478,26.1195516324,43.4825373849,29.1170719314,39.9779830034,39.6273652543
89,23.5620042898,38.6528454619,26.8801461968,22.6787305056,40.4882562875,25.4485887636,37.1701143712,41.4606473694
90,21.9896951177,27.2171833732,42.1968065361,25.9271145754,42.9424564065,37.1962454311,22.6980624956,38.4863143546
91,23.3485093807,19.9930527075,40.1629139011,19.4997910573,40.871281279,45.1114562677,24.0941592542,45.6047180287
92,23.2581473627,44.842915517,23.5564073021,19.3450487064,42.0485240253,19.5727082038,41.7502640859,45.0705750658
93,11.0419881434,35.0415027012,20.1389165322,14.4762631108,53.2830531558,29.1223558746,44.1861247639,49.6875980914
94,16.9410357854,38.2074980732,23.3163421617,19.3876579636,47.810940315,27.659280862,41.4356339388,46.51706556
95,14.5524138156,38.3934225815,18.7280530826,19.3459375135,49.5979575997,26.0998262791,45.4596008376,45.1473124669
96,24.3768050312,41.5391803488,25.4579973458,23.440276375,41.5267519927,24.3888561794,40.4828421799,42.4498171002
97,17.320579478,35.8630451854,24.4415357121,19.7751380512,47.3329866568,29.8680229216,40.2120304196,45.9559314688
98,20.8632028612,37.7402967534,25.1134071006,22.8286246798,44.2020437244,28.2545000434,39.9518394725,43.1661728212
99,14.4730383554,39.9990689545,20.9229097071,17.2710906286,49.5931471244,25.4288786613,43.1432757727,48.1568586006
100,21.9262690944,38.384718078,22.0381165717,26.0152441006,43.2518553074,26.2049599507,43.1400078301,38.5364907769
101,16.6719189647,40.4629437634,20.3628858053,19.5942144205,48.3247558446,24.526822833,44.6337889916,45.3955530711
102,23.7382836075,37.8454475654,25.1550183633,25.248318575,41.4847504573,27.1075333053,40.0680157108,39.7046625023
103,21.6844480553,37.9880790371,24.5179175514,23.9111506124,43.2337292291,27.7054707737,40.3629772406,41.7823996646
104,24.7781084953,42.8462538748,27.238753064,21.4083469559,40.4367557256,22.9260747506,37.9761111569,44.3639819533
105,19.3895474845,46.1376332406,24.534531567,15.9348247271,44.7789254778,19.3876579636,39.6339413953,49.5904673808
106,19.8742808543,44.5894152956,22.5586203776,18.9777390629,45.6364837844,21.4061051576,42.9148617657,47.0177819322
107,19.0366654711,19.4831954004,44.8734333954,18.7622747932,45.581800764,44.9051354805,19.745032849,45.5881130542
108,21.2609945468,43.6115873909,26.3314136414,18.2276504001,43.4440781106,21.6425294927,38.3736590035,47.026467236
109,25.9072955541,48.4149282789,29.5982623946,15.0249817472,39.4781231399,16.1253321037,35.7871562963,49.4773358287
110,20.5287212353,37.4004366015,23.0639307889,23.2855959829,43.6438671346,27.0040215703,41.1086575905,41.1188626482
111,24.1219122282,22.9276675826,38.624802159,21.9790893627,39.8924069357,41.6715748638,25.4267994974,42.6201532459
112,19.017630975,46.2631557711,21.7019704982,16.8192933627,45.5254837754,18.982051043,42.8411442522,48.4259140057
113,25.1825275108,30.0035538423,39.0143325561,27.4234210937,40.5801972722,35.7329664744,26.7111097345,38.313099411
114,16.4767634872,42.3815082704,27.6242290062,15.0624544537,48.0923178747,23.3719993027,36.9448523526,50.7289982302
115,6.78667458197,22.1321701523,55.8131533873,17.8066473028,58.0501029921,43.6459572501,9.06090667604,47.971481065
116,19.5252399363,40.5234693352,20.5691497554,23.6007925485,45.4738553348,25.1944077453,44.4299455251,42.1170847667
117,15.3229390026,33.1609999817,21.5491153967,19.5393694502,49.6601154057,32.440077992,43.4339390116,46.0237667937
118,15.1870331912,41.8838175834,23.9111366463,15.6649879614,49.15138467,24.0504595891,40.4272812148,50.2692911263
119,14.6781805281,49.1821050522,24.259781334,10.0625383383,50.8049166238,16.5508457682,41.223315821,55.6704146882
120,20.0227402845,44.4619798411,23.6018596478,17.9395849245,45.3748357948,20.8991651695,41.7957164316,47.3836174237
121,19.6134498472,38.3973742228,21.5521395001,22.9164759397,44.6300029132,25.762229141,42.7285957434,41.2431278094
122,15.6127242939,38.5848795322,23.6657428729,17.7160270882,48.6077309447,27.3156987446,40.554712375,48.1845529299
123,20.5107720858,33.5934046815,28.526508163,20.61677179,45.0799352208,30.785595104,37.1014816391,43.762229141
124,15.6152362097,42.6404783597,18.5605531924,18.698195501,49.1321977701,22.4925347599,46.1495983044,46.4348184163
125,18.828279884,39.6219930729,21.9972918181,20.4985428967,46.4546074791,24.5584814582,43.2855955512,43.643988951
126,17.4438952367,43.0325206918,19.2334549199,20.1906052653,47.493584908,22.3913211739,45.7040252279,45.2332370364
127,18.0148752263,44.7520827963,31.6602678094,14.4353176057,45.3056603895,19.5576741163,34.158194858,52.7201951205
128,16.6379348819,32.8538031792,22.0066139377,20.4083734212,48.2162067862,31.7155016224,42.8475277398,44.1609326101
129,13.4606616561,33.7578950783,20.879877842,17.7457798704,51.2278274527,31.7468947032,43.8086112761,47.7590118583
130,18.1467265859,42.4806801042,18.6313989999,22.3706916534,46.6678340335,23.0536723329,46.1831616194,43.1636609069
131,20.986914844,37.7612505375,22.5900620526,24.2533947082,44.6240156466,26.8714902369,43.020868438,40.3793463671
132,21.9058139647,50.3005320671,25.8950407665,12.4333378767,42.6721627945,14.2166623719,38.6829359927,52.0838571511
133,22.2636283776,44.6075724281,23.531233145,19.60307862,43.2163896601,20.589598756,41.9487848833,45.5940927794
134,25.3275115933,37.5856227706,25.3275115933,28.0998571818,40.315073935,28.0998571818,40.315073935,37.5856227706
135,23.2943749881,42.7344308827,25.4940420973,21.1448373928,41.1526893182,22.7384452105,38.9903046983,44.2900959437
136,17.6960992013,42.3205423466,19.0009864705,21.4139217158,46.3663366185,23.1213588268,45.0614493493,44.0659228273
137,15.8642027238,44.763366202,16.6471350865,19.1897474859,48.2999719664,20.1762667962,47.5543221054,45.7498857337
138,14.8838103696,20.3086798782,49.2209867852,18.8288970907,50.3021790873,44.5164112592,16.0022851673,45.9961943789
139,21.3229999585,36.4763228456,25.8714641497,23.1203445734,43.8043434741,29.229186717,39.2558792735,42.5851656973
140,18.2773342533,48.0504564846,18.8738541539,17.050931208,47.0221366553,17.5821347525,46.4256167641,48.5816601757
141,25.0171128267,42.0100199237,25.0171128267,23.3799487815,39.0353303435,23.3799487815,39.0353303435,42.0100199237
142,26.1147972421,39.0340189164,26.7485996258,25.2986059347,39.3873648885,25.8298097186,38.7908449973,39.6031658976
143,21.470435001,44.1387756904,22.6261923005,19.7413710876,43.9144960242,20.7278912329,42.7587387247,45.163239143
144,17.4274336061,24.0359302337,42.9286590861,19.3309870305,46.8806033861,40.8447208365,21.4166603985,45.5496649208
145,25.0057359899,27.1537521987,38.7629760504,26.6604921011,39.135800984,37.7778163733,25.3785609267,38.233133432
146,16.8960101402,23.3475936301,46.4237449176,21.9816446353,47.3185247576,40.9531599117,17.7907899834,42.3191091326
147,16.9333231215,22.1786210915,45.4171480673,18.498151645,48.5861600045,43.0472645093,20.1023350587,46.7277347433
148,23.2944054676,44.1784443407,24.1891853076,19.9328637191,42.3830420789,20.5778947486,41.4882622389,44.8234755074
149,22.472312802,40.9537055727,26.1632796519,20.9577339515,42.381164281,23.9552323222,38.690197428,43.913261441
150,14.9563756324,45.8447208365,18.2745175487,16.5526539294,49.703659474,20.1193041636,46.3855175671,49.4113719807
151,20.3282921419,26.1728767481,42.7723531713,22.0750169151,45.6431051598,37.897309856,23.1990441366,41.9951702566
152,20.6620177411,19.3375639725,42.9196662896,18.730473861,43.6280336675,45.6701007037,21.370385119,46.2771909563
153,15.6537564525,45.4428195746,19.0091808518,16.5301959632,50.0654978404,20.134787747,46.6727909486,49.0474122645
154,20.1584327458,41.4792877865,23.6257046317,20.079403425,44.6530308991,23.4942783216,41.18575901,44.8941633202
155,12.5207892605,33.009501952,18.1504457633,9.94012592958,45.8140558538,16.7319318782,53.3451195264,71.445824582
156,23.0932508269,46.2541276562,24.7336805373,18.1383237447,41.7344975198,19.1627861134,40.0940678157,47.2406472144
157,19.4570889186,39.0425271076,21.8804509948,22.1958215208,45.2192918456,25.5348080179,42.8332122742,42.3815140944
158,25.2184748662,37.3600986003,26.2996671714,27.039596825,40.3924496731,28.557317618,39.2739748754,38.8398765001
159,20.6966113951,40.7170213813,27.9666976114,18.5582928565,43.4016498653,23.604715245,36.1315636615,45.8013877774
160,23.4339999769,43.7854063801,23.4339999769,19.6915817123,41.2550318146,19.6915817123,41.2550318146,44.9616404683
161,25.3222134492,22.6219984619,38.5202161077,21.9390248339,39.6014084223,42.3523494737,26.4034057607,43.073266207
162,18.781254523,42.7560668996,20.0115768073,20.7111793219,45.4009548007,22.1150704879,44.2079150182,44.1979013416
163,17.2279189006,38.7267712889,19.0174785806,22.563059507,47.87412846,25.7502701058,46.0845687799,41.8760393439
164,16.331297681,45.9694542446,17.8225974217,17.8157648943,48.2078295248,19.4093697675,46.7538122859,47.563059507
165,23.0576692161,17.9831691193,40.8041360659,17.3381388548,41.8480458881,47.0854206666,24.1015790352,47.6925081354
166,22.9683375371,40.6557744636,23.1174675068,25.1750534804,41.4604542572,25.3268252435,41.3486067706,40.8075462446
167,19.6791253862,42.1035684406,19.6791253862,22.0317500368,45.8141532499,22.0317500368,45.8141532499,42.1035684406
168,14.919257437,27.0893990336,47.5787216467,22.232688746,50.0020837229,38.3964284582,17.3426195133,43.253139425
169,18.6468726738,41.2685979238,21.2939297046,26.7743483294,44.8191830299,24.2701064404,46.3104827706,38.34698202
170,13.0702347376,47.1484231312,14.1514270522,18.1599583299,51.3966379456,18.6911604989,50.949248024,47.1104801109
171,24.8150676285,41.8922772959,25.4488700122,22.6172208328,41.0702347376,23.1484231312,40.4364323539,42.3855366622
172,23.2476603671,38.3231318852,30.0703566524,22.5008904888,41.5160821232,27.4334834944,34.6933858379,43.25572557
173,14.786198819,32.9796938098,18.0670582335,21.9762190647,50.5401099779,31.6516881815,47.2592505572,42.6551638523
174,20.922860654,25.3743060554,42.3602943567,22.7562399612,44.4853964811,40.0582430731,23.0479627784,42.6763095618
175,14.9900118185,34.5075878901,18.9046736261,21.0378273525,49.811860645,30.0682581863,45.8971988374,43.538019779
176,22.1673155238,45.676888458,24.8143725546,18.2441151867,43.157359305,19.989491993,40.5475847666,47.42226568
177,19.4572836951,27.3949306125,43.0198195223,24.4733220237,45.1449216466,41.6614878986,20.6503234871,37.1842170709
178,23.9850489488,37.0449720861,29.9129653941,22.6266453848,40.9485834358,27.1798009868,35.0206669811,41.5981282659
179,18.2797056837,19.4407569574,45.3095133875,17.315950036,47.4346155119,44.634899131,20.4420902912,46.7597065522
180,25.7527574188,21.7718549155,38.6152176361,21.0509384848,39.8828224128,43.7408367981,27.0203621956,44.4617533739
181,16.6897521446,27.3180899235,40.5505479111,18.4014936083,47.7460691425,37.5247478259,23.8479908711,46.4413456235
182,23.2135848582,49.9359392493,24.5557546198,14.0039329096,42.078526515,14.6489635485,40.736356744,50.5809700885
183,20.9219522268,13.3782517195,41.9492785035,12.5055640863,43.515143229,51.0555980745,22.450534463,51.8903430515
184,21.6093768218,17.569217824,39.3931261733,15.7859005807,42.4875731257,47.0508707302,24.7038237804,48.8341884593
185,24.9479128869,22.3300899609,40.1591701956,21.8368305105,40.8302550717,42.17429887,25.6189977724,42.667558407
186,24.1484579439,25.7915078548,40.142647606,25.487963757,40.4036250654,39.1853920538,24.4094354034,39.4889361883
187,23.0854831585,26.60832955,40.2354301076,23.9143762377,42.4350972199,38.105060596,25.3224327602,40.761071235
188,23.9354507129,45.205877252,24.3455581327,19.8220939993,41.1226801576,20.0876940958,40.7498552302,45.4714774062
189,22.9178977843,43.8515780567,26.9816895616,18.0504300357,41.0744720632,20.2511159664,37.0479627784,46.0522644802
190,24.3513379911,40.5594645711,25.0224228766,23.4472429851,40.867482569,24.0922712479,40.1963976835,41.2044929275
191,23.2401855784,51.3503243453,25.3280052135,12.4968605997,41.4713248546,13.3695456775,39.3835052227,52.2230097163
192,17.3328766447,23.5807153564,47.9045212224,22.5562582441,48.5383236154,41.6794591105,17.9666790377,42.7039163842
193,25.170431072,40.1608295914,25.3195610417,25.3251735076,40.4935358579,25.4769449167,40.3444058758,40.3126010223
194,20.2887534753,48.568645924,20.6988609014,16.8104508162,44.2241142361,17.1139938558,43.8140068007,48.910131941
195,20.9828663436,44.6234649973,21.5793862442,19.9985035196,43.5760573458,20.5676474098,42.9795374452,45.1546660699
196,18.9414989292,42.9355176756,19.9854087389,21.308069135,45.3375042399,22.5222415773,44.2935944302,44.1496903448
197,14.3233106985,40.8352150963,15.1062430613,22.2811017075,50.2636343321,23.7608775089,49.4807019662,42.3149911434
198,19.4798240216,39.2196549007,21.0084062547,22.9041775043,45.5030044049,25.1807556086,43.9744221811,41.4962333239
199,20.6820335262,22.3004789803,39.7706701406,18.7717864092,44.1700043591,42.4861203113,25.0813677477,46.0527565562
200,18.1591397161,40.5334768492,21.2163041761,20.0063457326,46.1210097555,23.7247536875,43.0265628124,44.2898284109
201,21.8475336943,24.5011690314,43.545944844,23.780253322,44.0678997504,39.7921717338,22.3694885976,40.5130875423
202,17.3346875353,41.7460862782,20.8392419137,18.7906276997,47.5335071856,22.8884612914,43.9916703148,45.8439206926
203,13.0257458237,40.1296032096,20.2212670457,15.8461471773,51.6131264786,25.180099981,44.4176052566,49.4635579839
204,17.9446449444,41.5453974865,18.5038823526,22.1186293113,46.1674924432,22.9533731896,45.6082550443,42.3421985979
205,23.87379914,41.2064209901,24.0229291191,23.7147230012,40.6882036573,23.8664947752,40.5390736876,41.3581927852
206,12.1725712826,40.1807556086,15.3788657122,18.5153224892,51.8784267446,23.9411661305,48.6348498225,45.6445432364
207,21.0825140502,46.3820125573,21.0825140502,17.6971691295,43.8248350221,17.6971691295,43.8248350221,46.3820125573
208,26.3526002665,25.8774873813,36.1951785194,24.7771431851,37.7610432449,38.8919040662,27.9184649826,39.9922484028
209,15.680789837,26.6112434397,47.8928641157,24.4105544609,48.8249264575,38.4494331512,16.6501346618,40.650122399
210,13.9882499717,35.7551955022,20.8855112512,22.5510663827,48.6609688284,29.6463884497,45.0445669696,43.6852622881
211,16.4853295708,42.3858101354,19.6170590062,18.4059011765,48.4364264025,22.1622473459,45.3046969577,46.1421570808
212,16.347521424,45.754429598,20.038488277,16.0831189276,48.1867707784,19.5738609629,44.4958039348,49.24517253
213,20.6440254803,20.1793441414,44.877646193,19.9896298695,45.0640586582,43.8556878354,20.8304379518,44.0454021509
214,11.2561900229,41.6854032697,11.8527099142,21.9551153447,54.6530123254,23.24517253,54.0564924342,43.0134035386
215,17.8506856639,22.4943441507,45.7007082322,19.458917772,48.1240702991,41.8831320553,20.3113302295,44.956501863
216,24.4988035226,24.7309874731,38.5915860242,22.5682475025,41.4250555171,40.932567169,27.3322730155,43.1332503019
217,26.5474323629,27.7540070381,35.3088183136,25.2497804384,38.6642427223,37.0879430313,29.9028567716,39.592169897
218,26.6858196139,25.5869456023,37.2740477371,24.7901464115,38.3925225441,39.9672748092,27.8042944116,40.7640741084
219,27.28491238,27.174609416,37.3139031044,26.0363249193,38.6187903736,37.3812275409,28.5897996492,38.5195121467
220,24.5939455395,23.9383311644,38.4257505848,23.0277039669,39.6187903736,41.2023064872,25.7869853314,42.1129338274
221,24.4903898303,22.4129080257,41.0065344081,22.109365723,41.34207684,42.5605300447,24.8632147639,42.8640724028
222,16.7088171202,25.5009913093,47.0567667496,23.5279645454,48.4735014867,39.3121795908,18.7593542597,41.2093209722
223,21.3127203617,42.531383462,22.7667376099,21.131631779,44.5397137476,22.6114017125,43.0484140163,44.0111536731
224,20.7517270798,45.7775606902,20.7517270798,18.7243307676,45.1717602546,18.7243307676,45.1717602546,45.7775606902
225,25.0790082324,35.7604798735,26.4957429789,27.9822050572,39.022660755,26.919806584,39.9920055892,38.4544190818
226,15.8331327416,21.5071861962,48.4180319664,20.1791892344,49.3500943019,42.8310252254,16.7651950771,44.1210796651
227,19.2896314231,39.6250668518,20.1844112631,23.1199721565,45.5737892659,24.4859109369,44.7162919182,40.953063079
228,14.2795228005,23.9563644732,45.9696421853,17.2784427178,51.0027787875,41.1064834981,19.3126594058,47.8223493867
229,19.2314671005,37.9900453378,20.0516819557,24.8239187391,44.769975073,26.3036850521,43.9870427102,39.5077545557
230,19.9035518393,26.1096628654,43.7270651165,23.4157309746,45.5911897908,39.6552086739,21.7303940149,42.3491409445
231,15.5971220342,28.4503399083,44.4910544184,18.5093494132,50.3816883776,35.5456275463,21.450473504,45.5245622329
232,22.306306404,29.2674022145,38.0395186066,23.53805154,42.3270053509,35.3002949578,26.5565106433,41.0296462234
233,20.7038237804,26.6357418671,42.7750598669,23.8279850053,44.6019020425,37.9805979825,22.530665956,40.7883551898
234,16.6132483935,26.2875125497,44.0158810309,20.7099404622,47.5577179048,38.0117976283,20.1178027813,43.5893705596
235,25.612431411,28.5826217947,37.9156542325,26.4957751448,39.5933664353,36.4746967295,27.3274261093,38.5615435549
236,17.6718334714,25.3979672937,41.7190417125,18.6062305298,47.8333706199,40.195607446,23.7861623882,46.9873454864
237,16.6982817972,23.6256232806,44.2873269123,18.7310196386,48.2765537047,41.3827917279,20.7247910821,46.2773963321
238,27.2790656112,38.5843083872,27.3909130885,27.0497400063,36.8233839247,27.1256253218,36.7115364443,38.6601937096
239,17.2059517269,23.6728425338,46.4354265399,22.0413076931,47.553901347,42.0370967516,18.3244265215,43.7065745495
240,19.9755989631,47.081015986,20.0874464404,17.5995345805,44.8430220501,17.713362676,44.7311745728,47.1948441135
241,18.0252886344,23.2049485657,32.8264385139,15.7681785351,46.1362886528,42.2142455737,31.3351387732,49.6510173128
242,17.2747368596,20.4590377881,44.3045445665,17.9927584428,46.7651891227,45.311548048,19.7353814189,47.7778279836
243,17.6615114986,44.2323875056,19.9730260882,17.8242163252,46.9655513089,20.1387253406,44.6913192055,46.584839829
244,12.7299308805,24.3980029714,49.0057969489,18.5168855026,52.6967637895,41.2825031765,16.4208977241,47.1636218079
245,20.6936787301,40.1386076264,21.6257410626,24.3923648642,43.6224121642,25.6824184096,42.6903498224,41.4666041039
246,21.032519584,44.2862129604,23.6422941224,18.6369081049,43.7748405559,20.7237596175,41.1650660175,46.3351221725
247,27.0497982034,27.1622983585,37.2652013836,26.55521409,37.9735687615,38.0898157207,27.7581655719,38.6969000454
248,17.6363618696,24.7787104708,46.2320342989,24.0577977822,46.642141728,40.145534679,18.046469305,40.8664474697
249,17.6910448963,23.3934925201,44.2734626816,20.5477836525,46.5476947756,41.530145353,19.927994501,44.3758547407
250,24.834090222,42.1410309977,25.989847509,22.6005213475,40.4554549473,23.4732042302,39.2996976572,42.9757712897
251,15.7232121184,40.2172661783,16.3197320191,22.9533003095,49.7994110839,24.0915836934,49.2028911833,41.3555497322
252,20.67427848,37.4425559932,26.0429575265,21.3168667461,43.5657294123,27.1600574133,38.1970503659,43.2857474792
253,14.6147909263,38.8514771767,15.2858758118,24.2814431434,49.9585946685,25.8750405245,49.287509783,40.4830175633
254,17.3330230877,47.1773150969,17.7431305137,17.5439682998,47.6064077228,17.9992821489,47.1590178013,47.5946862337
255,13.6479275409,34.8454022929,19.8368214425,18.5299773018,50.5948784824,30.1784316513,44.4432670732,46.4559154406
256,15.424171618,18.2198015186,48.4191782688,17.1574016285,49.3885230968,47.056373876,16.3935164429,48.118774046
257,15.8358215799,38.8771937952,20.0487433363,19.2228074542,49.7256080739,25.5592598269,45.5126863145,45.2136472503
258,22.9176479939,22.8314737593,40.88780982,21.9967304698,41.8198721525,42.751485854,23.8497103357,43.5862292956
259,17.848893347,46.0886142449,18.4454132476,17.8211755914,47.8985830182,18.4662043119,47.302063127,46.7336431222
260,21.5945736968,18.484279143,41.8762501,16.9665657844,44.0759172093,46.7896369578,23.8315232984,48.2694078622
261,25.0493774449,33.3954347257,28.5539318265,25.8068730896,39.88780982,31.0050377584,36.3832554291,38.6315425513
262,24.9523880972,36.459822621,26.2572753664,26.9741145435,39.7162554749,28.7953704332,38.4113682182,38.3190214968
263,20.2672011057,25.7903379454,43.6060419689,25.3350239466,43.8670194284,38.9185590251,20.5281785652,39.3738730784
264,18.8479239639,42.5772876329,20.6747661457,20.1530640475,46.6233815379,22.2778633917,44.7965393623,44.7020873841
265,19.796447927,41.9170107035,20.5420977973,22.7179058926,44.9621309658,23.6664781932,44.179198603,42.9035260563
266,17.0002609265,41.9361760309,19.6473179573,19.6257615135,48.131142903,23.0026777123,45.4840858722,45.3510357747
267,24.3970527495,21.1034584299,40.8386323332,20.6102013227,41.5097172187,43.2241447679,25.068137635,43.7174019702
268,22.9903351871,43.2943724623,25.0035898249,20.9081112436,41.1096269642,22.3499381046,39.0963723265,44.736199604
269,23.8750978431,47.36090718,24.3970527495,16.9687179303,41.397869732,17.2722603547,40.8386323332,47.6644496878
270,23.6081576545,45.0019925226,26.143367208,17.7590404142,41.951144408,19.23881063,39.4159348544,46.4817630831
271,17.0597544222,43.1635798331,20.1542013746,18.0454021509,48.1533539032,21.4982026841,45.0216244615,46.6543239964
272,18.382737284,42.1553725565,21.3280542635,19.4275873189,46.7174322662,22.7286176181,43.7348327943,45.456403503
273,19.1600117125,40.4127794593,20.7631589211,22.0863615603,45.1831920989,24.2111634879,43.5800448779,42.5375817215
274,16.4937677818,41.0242379392,20.1101696375,19.8520985175,48.0347571938,24.5949609561,44.4556378305,45.7671012426
275,20.4142704037,41.6363454576,22.3529600566,21.450722358,44.0513712094,23.5375817215,42.1126815565,43.7232051907
276,19.7772000806,46.2838671479,21.5294772682,16.7263183181,45.0547305873,18.1302068585,43.3024534059,47.687756047
277,26.3406138461,39.8269923895,27.0116987222,24.0048006044,39.1285090691,24.4980583479,38.457424193,40.3202502
278,24.5384336244,40.4569807335,24.9112585612,21.2957902267,40.5326232865,21.5993338169,40.0106683801,45.0480783366
279,20.5251180215,42.5792556126,25.558254633,17.6887051378,45.2806936312,21.6727105708,40.2475570259,46.5632619041
280,18.7752308349,43.2146026578,19.0362082818,21.7009829193,46.2897109526,22.0045260236,46.0287335056,43.5560887178
281,21.7801327455,53.4121306689,22.1529576823,17.5181458222,44.1496287839,20.8571206842,41.7262667076,36.7551955022
282,19.5563768258,19.3318715772,44.6102123842,18.3832991043,45.6541221971,46.4610476889,20.6375691279,47.4096203942
283,19.1382519346,42.808856824,22.7546537934,18.9428185765,46.8018620346,22.5853296613,43.1854601758,46.4513686581
284,12.9881830613,45.1078973369,17.0892573404,15.4745680802,51.7619761878,20.2553607639,47.6609019181,49.8886912519
285,27.0163568063,31.7124641568,30.3344987101,26.0969285298,37.8655623765,34.2925752166,33.2798156928,38.5042272135
286,26.7735968636,27.4627083338,38.6294297636,27.3488799552,38.7039947484,37.1001781519,26.8481618484,37.1760637465
287,12.6102733401,44.8735844153,18.2026473536,14.2916791463,52.2788463097,20.5522422174,46.6864722962,51.134149145
288,24.9724165046,37.9336553798,26.2773037738,25.2986931072,39.3261764656,26.6266920785,38.0212891871,39.2616544985
289,26.3584046437,37.8160532691,27.4395969552,26.2814431434,38.5497799848,27.3058986002,37.4685876796,38.8784516293
290,17.5703570169,44.5030564239,18.6515493284,18.7398020536,47.3217867363,19.9539759144,46.2405944341,45.717230556
291,19.526447204,40.6981216404,20.0484021105,22.9787632995,44.5057177714,23.6996793231,43.9464803725,41.4190377756
292,17.0256603397,37.0262566328,34.4738672406,18.0928404558,49.6478420569,24.1636749624,30.6710529104,49.9267824644
293,21.6986720793,45.4361290883,22.8171468832,18.9896171673,43.3598007366,19.8623140206,42.2413259295,46.3088261436
294,21.1609506161,40.187570457,21.9811654619,24.1375331581,43.9778365635,25.31377695,43.1203392159,41.3258710632
295,19.1467875418,25.749577879,44.2006231033,23.207373713,45.9156177986,40.0162769172,20.8617822401,42.5584814582
296,25.8452291741,39.1620035602,27.6347888635,24.5158720529,39.7143167181,25.9956624604,37.924757038,40.6417941494
297,18.7359240922,45.2646455802,20.3017888084,17.9834072472,45.5420368414,19.4252527863,43.9761721159,46.7064914562
298,17.9894572394,39.8330354238,19.1824970219,24.0106813823,46.7715421339,26.0975624892,45.5785023451,41.9199168146
299,18.9354692866,42.8581722389,22.7382836075,18.9539098735,45.3687571022,22.5585205476,41.6032252643,46.424840384
300,18.4837141669,47.5667901845,21.6527261104,15.655905489,46.1100417713,18.0843197103,42.9410298341,49.9952050772
301,18.196952976,36.7540847433,28.3377911776,18.1235904177,47.1654503451,28.3684647268,37.0246121404,46.9610167175
302,17.599616096,39.6779665679,20.582215568,21.4648609225,46.4935484771,25.7145853104,43.4736665127,43.9276916341
303,18.7505324407,40.304058802,21.9195443748,20.4593773234,45.258385238,24.1778833447,42.0893733039,44.0605094046
304,14.755342916,40.4216351959,26.4620458369,13.5193787994,49.53990925,23.6124672025,37.8332063229,50.4767820111
305,25.6782964916,34.438633548,28.5863309694,25.8633030517,39.8456439781,29.6956409395,36.9376095003,38.2709717181
306,21.7404542976,35.9846215159,25.1704436912,23.9184472796,42.8796280516,29.0029356415,39.449638658,41.031166459
307,23.3303468716,40.5438651785,30.7495630576,20.8889059186,42.1580060359,25.2145144257,34.73878985,44.8694744224
308,17.6211320317,40.5227351601,29.2532699771,14.9105900861,48.1554941169,23.5238589818,36.4860736916,49.1360059755
309,16.5340684326,46.0130644816,23.8414371413,14.1021982647,49.3426626119,19.9835106394,42.0352939032,51.856434516
310,16.532343026,45.0775143355,22.9822143777,14.98792943,48.334309888,20.4518635548,41.8844385269,50.5035058931
311,14.86373958,46.8114337304,21.164480962,12.472141073,50.6549332345,17.8601841049,44.3541918431,52.1994783719
312,19.7850591844,47.5242364873,27.0551454006,13.3367536884,46.1437820057,17.3588099568,38.8736957988,51.5842378938
313,17.9556441339,40.6541941835,30.3334319403,15.7629305975,47.4833788987,24.2623858524,35.1055910954,49.1536512787
314,23.0666136665,45.2947751992,23.4021561171,19.4928789408,41.7451428612,19.7205427067,41.4096004169,45.5224390166
315,16.6411663935,45.6771380359,20.7422406726,16.3465419505,48.5549807297,20.2168142319,44.4539064601,49.5474112975
316,21.0935191817,46.0978789926,22.7712313876,18.2091688352,44.8797499665,19.5372024998,43.2020377699,47.4638568043
317,18.7753163189,47.0700363579,22.16802322,15.2351466855,47.1472937842,17.8912158105,43.7173044,49.7640500713
318,22.4181969799,42.3491031213,26.6684012318,19.9622311791,42.3270484496,22.9597951366,38.0395617177,45.308723805
319,19.7056227652,47.3445104108,24.6269118932,14.7127809061,45.3932607105,17.8621218372,40.4719715825,50.4938522356
320,17.6410749551,46.8893353722,26.2906134254,12.3983472775,46.9078322636,17.5587144764,38.295576295,52.0497041189
321,22.2358694397,45.2138018395,28.2383508792,17.5527064215,43.0767832512,20.7779366832,37.0743018117,48.4390328739
322,16.3749822347,45.5565946711,21.8927912633,14.7082091188,49.0344464444,19.5270830705,43.5166374282,50.375469918
323,15.3434186448,48.0548974715,19.6309053798,13.9053860802,49.7924425377,17.6618318396,45.5049557934,51.8492882529
324,19.930226147,45.1490856702,23.3974980361,17.7916039596,45.3196041404,20.5615012574,41.8523322544,47.9189836246
325,14.7520749734,38.7499592314,16.4670696718,22.6238477116,49.6112062923,26.1526201543,47.8962115971,42.278732174
326,18.759305923,46.9222604494,19.467673301,16.6809930714,45.9009611165,17.2880949732,45.2298762311,47.5293625087
327,21.8082700503,41.103244498,25.7602143503,20.8032774953,43.096573774,24.1423372436,39.1819119664,44.4802487038
328,25.0112355815,26.1434886306,39.9987979232,25.9158254947,40.2224928871,39.1961757315,25.1976480437,39.4238388915
329,21.1519823478,43.2825609146,22.3077396348,21.464816314,43.5587608661,22.6031333214,42.403003576,44.4208781372
330,17.3880844812,47.2699140748,19.8114465543,14.9417315874,48.518966464,17.8254658047,45.2008245571,51.7093482991
331,20.4344147746,44.5629292236,23.9016866606,17.2433160844,43.8478206227,19.7855575903,40.3805487367,47.1051713299
332,24.3839081208,22.4624343591,38.9613630364,21.8553308712,39.7815778822,41.9656356089,25.2414054715,42.5727391997
333,22.6141999194,26.5853544503,40.9571866698,24.5743259952,42.4484864104,37.9685350502,24.0682171677,39.9795637415
334,21.4070884979,38.2550857959,22.8238232537,24.9747060747,43.7393020438,27.2513424889,42.2852848049,40.531722472
335,23.9323723121,42.9991924593,24.3424797412,20.8399335238,41.1941667509,21.1434849929,40.7840593218,43.3027439798
336,23.5943484407,39.6406977759,29.5595473785,21.9967637725,40.5206004353,25.7152700697,34.5554014882,43.3212606919
337,21.7119148112,25.6532375197,43.1120660215,25.4635180467,43.2611959912,39.3130407128,21.8237622978,39.5027602116
338,18.7177251491,48.8302113185,21.8121721015,13.7320225751,46.7168776809,15.9327735545,43.6224307378,51.0309629717
339,25.4260620382,32.4736913315,29.2288763778,26.592374739,39.4442795549,33.1187389774,35.6414652371,39.0379998801
340,27.5876296756,36.1310993101,28.9297994372,26.1897758072,38.3995527627,30.2877258485,35.3796707889,37.1935308827
341,22.0266973402,40.1472194359,28.4392862089,20.3404565876,42.718481182,24.9316790885,36.3058923133,44.7384427337
342,25.6687915107,33.3444577217,31.2984480041,25.5279938371,39.9479864745,31.788753702,34.3183299717,39.6052180147
343,15.3398459074,47.5562418816,17.9123379533,15.4176765769,49.2669148938,17.9599240357,46.6571403554,50.0984900508
344,17.6861615499,20.5109804347,47.3257438014,19.7900454194,47.9222636926,44.8709978097,18.2826814505,45.5919329872
345,21.507132438,46.959236421,21.6562624077,18.8048203357,44.435865872,18.9186521906,44.3240183947,47.0730683086
346,24.461527698,16.4988409854,40.7912597919,16.3850091227,41.0149547589,48.0302704428,24.6852226525,48.1820462997
347,23.1790343028,45.861800423,24.7448990221,18.2386270983,42.7150608389,19.2251688928,41.1491961196,46.886286374
348,17.6385935155,35.7791814859,19.4654357005,23.9027813495,48.3593680723,28.3801461114,46.4952434074,40.2565467125
349,21.1737725896,47.574649259,21.8448574751,17.712923827,44.8108734047,18.2061924157,44.1397885192,48.0679179772
350,13.7702315343,48.7888954342,18.9152156169,11.1866372359,50.4934875213,15.4742805862,45.3485034294,53.1144839453
351,20.4967249749,43.2885753698,24.1504093324,17.7903432996,44.8049106724,20.7499592314,41.1512263243,46.2481919574
352,22.1553417226,48.7194183395,24.3550088349,15.4806528231,42.8098430626,16.7327979292,40.6101759533,49.9336200026
353,24.122900185,43.8202007616,25.5769174239,20.1053013104,41.8320845454,21.1297848628,40.3407848141,44.8446845323
354,15.4849823936,31.2666217042,32.2993869109,15.5958288962,49.1510739206,33.7329694356,32.2993869109,49.4037647155
355,19.7757370773,46.3755754105,23.9140938394,14.9581026629,45.3888100346,17.8038878868,41.2504532631,49.2213614103
356,20.9141547953,46.0571315865,22.2190420645,17.3336876732,43.4700632958,18.2822821391,42.1278935341,47.0057262895
357,24.7218710363,44.8832455083,24.7218710363,20.8268938102,40.7533431908,20.8268938102,40.7533431908,44.8832455083
358,23.8010391007,42.1926997012,25.516033799,20.6786079781,41.0255510378,21.9307507713,39.273273847,43.4448427299
359,21.5698998276,44.2220394144,25.7828215839,17.4337862262,43.4920059443,20.2416198358,39.2790841849,46.9919299741
360,17.9543149513,41.4607139994,19.3337672147,20.9331761223,46.326292426,22.754473236,44.9095576796,43.2820114375
361,25.670035203,21.1155503803,38.8680378521,20.8120007531,39.4272752604,43.1987875391,26.2292725988,43.5023372186
362,25.2275776716,18.4435799814,38.2764503542,17.9123681393,39.5067726354,47.5084603512,26.457899956,48.0396723314
363,18.4364449762,48.5366686168,20.1141571821,15.9051295967,46.5474449946,17.271100813,44.9070152842,49.9026402199
364,23.86373958,44.7288682272,24.5348244561,20.4069292327,40.9018390549,20.8622540954,40.2307541788,45.1841931874
365,20.2149876221,48.1536758587,23.9059544626,14.2319556357,44.187630869,16.4326933331,40.5339465177,50.3544142056
366,20.9440539469,41.8549616638,21.5032913457,23.1486934896,45.0285446711,23.907568406,44.4693072722,42.5758929525
367,23.71957248,44.4839801075,25.0617422416,19.8205696264,42.1744066982,20.7312185345,40.7949544442,45.4325729264
368,18.7137011831,17.1681848872,43.3201468137,15.4227743739,45.5570964247,47.4852108792,20.9506507878,49.2306218767
369,16.202458519,47.6431103514,21.9439625115,12.5831185794,49.2347476622,17.060476239,43.4932436822,52.1204693772
370,17.7692011829,48.896475196,20.006150797,15.202497901,46.3648736153,16.9479063938,44.1279240136,50.6418842003
371,22.361422802,20.1658165147,42.7922291781,19.7863777394,43.276901589,45.019058961,22.846095216,45.3984978213
372,21.8924255094,16.7677687169,39.6016098667,14.8705757724,43.1807292331,47.957625217,25.4342623802,49.8548187066
373,18.6188580004,47.7958200357,21.1540675539,15.6573156399,46.5434455473,17.6683433978,44.0082359937,49.8068483575
374,18.4895490299,43.3980640859,25.0512678682,15.6989967738,46.9360914925,20.8593704574,40.3743726542,48.5963829404
375,21.8110198445,42.2349965926,26.3967665282,19.7342196995,44.1805158829,23.3388969834,39.5947691898,45.8776185617
376,14.6609814476,43.0770415632,20.5143329081,14.9605591166,50.7504350508,21.2592576888,44.897083581,49.3757416762
377,22.3071910195,43.1926553602,25.9981578632,18.5290944816,42.5888674134,20.9954503305,38.9351830653,45.6590117409
378,12.1896855956,47.2773674513,17.7820595997,12.6346022333,52.6784734203,18.3261839701,47.0488169082,52.9310070162
379,21.6471231713,39.6247212617,21.6471231713,24.4092299806,44.2775966566,24.4092299806,44.2775966566,39.6247212617
380,20.7258340465,17.0881292472,43.5800024957,16.7086909257,44.0646749066,46.987872678,21.2105064573,47.3673110985
381,24.3223234676,24.7772670844,39.7945582233,24.1322218948,40.4656430994,40.865454152,24.9934083437,41.4725555953
382,12.4911830011,38.1745619016,15.6601949477,20.7583179958,53.4273607444,27.5882172515,50.2956312996,45.0044621944
383,20.5847520151,50.8440930507,22.2997467103,13.8488063122,43.7744628961,14.8353471351,42.0594682103,51.8306341902
384,21.0868859099,44.2436163691,23.2119880343,18.2141481026,42.9717095342,19.8077888474,40.8466074098,45.8372574757
385,20.4305982074,46.8323837415,23.3386326945,16.4773172673,44.6642189106,18.5262840062,41.7561844329,48.8813510162
386,15.3249268126,36.3280904493,17.5991589067,23.0856920054,50.1467756391,28.6254917429,47.8725435419,41.8678908254
387,22.9595766646,44.6559106731,28.2536907262,18.3608483393,42.7938631462,21.2825216345,37.4624665922,47.6155284553
388,25.7889002766,27.1909376696,39.6952703067,26.583836369,40.1799427301,38.1567054355,26.2735726906,38.7258629578
389,16.691789014,44.9948712388,17.8848288059,19.3828036246,48.7920158248,20.7867242203,47.6362585284,46.3987921465
390,17.853417601,46.8258468254,20.2022146893,15.7498833214,46.2626775681,17.7229601201,43.9138804892,48.7609803612
391,19.0149547589,40.439010244,22.7059215994,20.2908610544,45.7465025232,24.5026207588,42.0555356702,44.6887144799
392,27.5867517278,43.0069103931,28.1087066436,21.9860567076,36.6463976273,22.2137193631,36.0871602285,43.2345730829
393,19.653811457,40.1109081662,22.3381509802,21.6702342978,45.5278618644,25.0472299065,42.8435223411,43.4879043207
394,23.4442185991,45.730160504,24.0407384997,18.2968242451,41.0415554791,18.6762617704,40.4450355878,46.1095981221
395,18.1758577988,48.2037477418,20.4128074004,14.3958814182,47.0697901799,16.1792366322,44.8328405783,49.9871034829
396,24.3233233208,43.5782246347,24.5470182848,20.8878881638,41.6224002584,21.0396629719,41.3987052944,43.7299994787
397,23.4806536326,18.2183652531,39.1393008597,16.9662230845,41.7117928963,49.2942615429,25.7921682191,47.017638821
398,17.886584692,45.9894928392,22.8451563186,14.3824142283,46.9296470428,18.138837282,41.9710754162,49.7459169285
399,18.8684890901,23.1926958953,45.7118843317,22.130273234,46.5320991869,41.8609813372,19.6514214528,42.9234041802
400,22.2098723487,42.3138556066,22.3962848233,23.3799639243,42.4542662626,23.5696822635,42.267853788,42.5035739771
401,21.8657943003,44.0545017393,25.1093712318,19.3151740161,42.9304030664,21.6297427948,39.6868261474,46.3690710147
402,24.9444442165,43.3959955658,25.1681391804,22.0336615869,39.596464117,22.147492839,39.3727691624,43.5477705978
403,26.0174361984,25.859741097,37.4258791674,25.1008669205,38.3952239923,39.3677022951,26.9494985309,40.1645202833
404,22.6647065794,21.4241743187,40.7467158735,20.3996963294,42.0516031427,43.8488614179,23.9695938486,44.8353959729
405,17.6812901249,19.4121790657,44.4128378799,16.6802403815,47.3954373519,45.6312050291,20.6638895876,48.3631444018
406,20.5453233576,23.9372093224,43.4740567917,21.7744240776,45.3008989673,41.3153799234,22.4094480225,43.4781655315
407,18.7266815147,18.3707851715,44.7125794087,16.2838888814,47.1359414725,46.7525784268,21.1500435785,48.8015316857
408,19.7540992143,21.8433160713,42.1981602375,19.263153857,44.8079347852,42.1810673259,22.3638737527,44.7612300525
409,18.0173142742,43.3456857322,20.2915463776,19.0617059814,47.9178739758,21.6798223053,45.6436418786,45.9638026082
410,22.5632360763,44.6312475319,24.6137732158,19.2847943138,42.0619801168,20.6887144799,40.0487254697,45.9972242113
411,24.7123355696,18.6788120965,40.9675026881,18.5270370068,41.228480135,47.250475967,24.9360305336,47.4022510917
412,19.8058131452,48.5367055112,20.8870054504,15.7533123252,46.0526884893,16.5880745315,45.008778667,49.3714679568
413,25.237527936,24.2747461166,37.7644457214,23.3261525981,39.0693329906,40.4387808479,26.5051327128,41.3873745051
414,21.2184020045,24.7324610799,42.7304006827,24.4668550422,42.8795306618,39.4166814721,21.3675319742,39.682287541
415,20.6128343122,34.8703420411,36.6815889592,18.6303187168,46.486884729,28.3819212316,27.9947680058,47.0503610408
416,20.1322468202,42.831947542,25.538208359,17.8268793567,44.8878224298,22.0007143329,39.481860891,47.0057834321
417,23.7776394033,42.5328363733,24.3741592946,21.0186247617,40.9275863618,21.4739519497,40.2937839687,42.9881636478
418,21.1099443815,43.8715210787,25.285583636,18.866480518,44.6724801992,22.0917130613,40.4968409447,47.0967543206
419,20.4289032803,42.0143534826,23.8588926738,19.2480169855,44.0287215998,22.283528256,40.5987322062,45.0878092589
420,18.051719103,22.7459169285,46.9083689949,22.1767617517,47.3184764116,42.2869128894,18.4618265322,42.8940118467
421,17.7909245268,43.4998918554,19.095811796,22.4032074385,46.4238794516,21.5684466226,47.0576818353,42.5133561651
422,15.7172679598,41.3787134321,21.3469244626,16.7912092067,48.7495571031,23.051915803,43.1571830927,47.6014776818
423,13.4430968216,41.7520333168,17.2086286595,18.6063902963,50.8001552016,24.1082230469,47.0346233637,47.2159234946
424,20.7602083958,39.952766829,21.2448808098,24.0923090033,43.2415519114,24.7373515042,42.7941619898,40.5978094219
425,22.1169679322,26.4216644254,39.4906098483,23.6138444947,41.9885369094,39.1706855305,24.5776124915,41.9405623247
426,18.0721801747,22.2038538649,42.1566708989,18.4853900354,45.9967677216,43.3383903475,21.9122769974,47.0189114608
427,24.1672612326,40.9229475355,25.9195384234,22.0650018318,40.9443832606,23.4689131746,39.1921060698,42.3268591076
428,23.4696975418,35.5811482298,27.4589243436,23.8565806234,42.1482267365,28.8651336273,38.1589999441,40.5897017444
429,20.6220345075,39.8063531227,23.7164814568,21.479601826,44.1472878329,24.9324677869,41.0155583881,43.2971632237
430,21.8192201772,43.0093077037,23.4223673952,19.9395903166,43.5176313363,21.3055602977,41.9144841184,44.3752779578
431,22.8099895056,40.0216519727,24.7486791647,23.1746935889,42.53242851,25.2236478553,40.5937388477,42.0706065408
432,25.5250451598,38.491562994,26.9044974138,25.2492412769,40.2516300545,26.6531549668,38.8721777879,39.8575332309
433,20.1842960161,18.8367708509,44.2687867403,18.49527835,44.6043291846,45.2075834768,20.5571209435,45.5111324342
434,21.0371717136,37.2880897325,23.2741213152,23.6665116686,43.7049277007,27.0434486969,41.4679780897,40.6270840446
435,17.0751492737,40.0363586016,32.174559102,15.9802592949,47.4976638786,25.6178757652,32.4355365614,49.6739770891
436,22.9252937568,41.1269974718,23.0744237265,23.5968628749,41.8648003985,23.7865829327,41.678387927,41.31671756
437,22.3395165874,16.9413120085,40.5333733587,16.2203754227,41.8009781355,47.4862610083,23.607121361,48.2071977906
438,20.6477632314,19.5293308426,43.4646491881,18.9222260595,44.1730165661,46.279888746,21.3934131017,46.8490496198
439,24.6427698853,25.9919200589,39.36935478,25.5745355466,39.7048972212,38.4375679954,25.0155948189,38.8170085018
440,23.7131889892,28.6913750272,37.1348866054,24.2139753366,40.9004184432,35.5592511575,27.5160033102,39.9987072204
441,21.6882527104,44.7567109473,21.9865126592,19.296263483,42.4546015371,19.5239276653,42.1936240776,44.9843751834
442,23.7785842583,42.1835907412,25.3817314794,21.542017599,40.2947288268,22.6803395502,38.7288641106,43.3219128967
443,19.182125326,19.2566471088,45.1307407182,19.0669266166,45.2798706973,45.3621900423,19.3685377881,45.5519105797
444,26.3337367352,40.2956362049,26.7065616626,25.080055843,37.779462206,25.3456644586,37.4066372631,40.5612448572
445,26.3552221852,26.7816598925,38.6584450036,26.0227779658,39.4040948739,38.2028334508,27.1008720555,38.961715457
446,21.8730312107,43.4546331807,26.831602828,17.7664623408,43.6832898501,21.029656549,38.6874357279,46.7557722386
447,23.0595046318,46.5256935951,27.0487314336,16.3221711944,41.6634688322,18.2193771457,37.6742420492,48.4608441684
448,21.0470974529,38.9444633697,22.1282897676,23.8426992849,43.8639834097,25.398408558,42.7827911044,40.5001728494
449,21.8946690612,24.7227291497,43.9286226552,24.5330083386,44.0777526249,39.7486182956,22.0437990309,39.9383391332
450,19.7247486999,44.9497692105,23.0801731086,16.5675276073,44.8904317387,19.1477310979,41.5350073393,47.5299733435
451,23.5698693481,36.9822913223,24.4273666957,27.2306334173,40.4961213427,28.5966243582,39.638623995,38.3862265803
452,20.3692023763,47.2020772897,25.588751453,15.1393738344,44.2299981459,18.1748956749,39.047731571,50.2375999739
453,18.9748615132,45.0777770456,24.6045180067,15.1399232672,45.1471718694,19.0102157122,39.5175153666,48.9480705005
454,23.0510299899,38.7419062519,23.2001599627,25.1958865951,41.9159716498,25.3856067474,41.7668416676,38.931626422
455,25.0153814687,37.8447045199,25.8728788163,26.537382871,40.5994637016,27.6757037921,39.7046838616,38.9450815185
456,19.588690494,48.0298641039,24.4354146372,14.8288281882,44.4188310886,17.7125749289,39.5721069579,50.9515557309
457,18.5406652735,39.743833252,23.0145644799,25.2492032538,43.5199358471,25.7424759762,43.1843934059,40.3129941508
458,17.6690658199,50.8603851374,22.6276374372,11.8159444957,47.6441905032,14.6617487619,43.2448562848,53.1749733865
459,22.4992368908,45.2694603815,22.8720618276,18.5947766559,42.6690658199,18.8603851374,42.2962408832,45.5350689316
460,23.0609862087,39.3819286794,23.2473986802,25.4185105171,42.6342952434,25.6841189986,42.4478827719,39.6475371944
461,24.0725763957,37.2694603815,24.1471413899,27.7454972029,41.7071957712,27.8593294282,42.0427382218,36.7761873675
462,19.6308749003,41.7209128472,24.9995539467,18.650946176,45.020252903,23.3180607725,39.6515738472,46.3880283795
463,23.3193298343,44.0527225892,28.0914889895,18.8199440702,42.4825314305,21.5519138123,37.7103722753,46.7846929278
464,17.5636932656,42.4542303846,19.4651004261,20.0672528255,47.9116428794,22.4956705216,46.0102357189,44.8447045199
465,21.6010062375,37.9122590092,29.2439173781,21.2548254008,42.4046375472,27.2879275009,34.7617264067,43.9453619835
466,12.7948934883,50.7707421498,33.9713497347,6.37620131004,51.4568391375,14.7238914456,30.2803828911,59.1184355051
467,19.2439478576,47.2815505548,29.3475035668,14.4978761269,47.2803828911,14.1184355051,35.499114976,52.3281123779
468,17.7103417958,43.3181325282,26.8072701877,14.8600847303,46.8279691346,21.2346868212,37.7310407521,49.7306802665
469,17.3823351085,45.4082387342,22.9747091095,14.4458962506,48.2149571332,18.9991813854,42.6225831322,49.9615250956
470,22.5728934609,38.6703644346,26.5994027458,22.5441405037,42.4817449306,26.5282662057,38.4552356457,42.6165466352
471,22.3160618917,42.8517681056,26.3425711766,22.4758056025,43.4552356457,20.6165466352,38.3848165387,46.0390698275
472,17.2621348948,47.3459887434,21.13951421,14.1449073618,47.9456269498,17.2942666693,44.068247644,50.4953489593
473,20.9001136483,39.5088023746,21.0865261198,25.7730392845,44.835474409,26.0765920457,44.6490619375,39.8123551701
474,17.273968924,47.9658422172,22.0461280792,16.206623009,48.4421333992,12.9054860308,42.626064425,51.7602537019
475,18.4296652645,40.3149276625,19.3990100894,23.5056830266,46.8016427299,25.1372800262,45.7950154032,41.9465249054
476,24.4619543984,44.2618299295,24.4619543984,19.1807538914,40.3070140908,18.535703595,40.9408164839,46.2349254031
477,15.5805206408,49.103839395,18.6004026084,13.4363526848,48.5009623068,15.9786093489,45.4810803424,51.6460968459
478,20.6880698366,48.6612536843,23.4469743447,15.4222096077,45.5182104311,17.2814709534,42.3119160015,49.9513537639
479,24.1205101933,47.2659451158,27.6623470641,17.1383170542,39.5927449396,17.8592551636,37.2066653651,47.4936098401
480,27.2539040857,29.76370659,38.5504995869,29.5360419367,38.6623470641,36.1383170542,27.4030340554,36.3659817184
481,15.5662661405,36.3100990325,16.3119160015,25.9513537639,49.1205101933,28.2659451158,48.4121428123,38.5867464681
482,19.3092821707,48.6022373289,20.0549320411,16.5774805737,44.7732251583,17.1466408642,44.027575288,49.17139778
483,19.1269241604,39.2911499261,23.1161509434,24.113541923,43.8079347852,25.8589667414,42.4657650142,41.4539592272
484,20.3464122688,46.3748496837,21.8377120001,16.7785022606,44.3563380175,17.9168231723,42.8650382768,47.5131708894
485,17.8608923959,36.2758240206,21.8128366865,23.7163460422,47.5377571242,28.9905677456,44.2568977097,42.1950950862
486,13.8178300451,40.1294708121,14.8990223503,23.5479165881,50.8020634883,25.7866159893,49.7581536692,42.4061145999
487,21.8102333322,40.9281345775,22.593165698,22.7529401124,43.0239720804,23.6256529348,42.2410397176,41.8008475349
488,18.9004429683,44.7825514464,24.1199920357,16.5142420368,45.8556856903,20.4983657612,40.673419106,48.7666761503
489,23.8151352553,21.97120473,39.548347458,20.8328832412,41.0769296942,42.6886577962,25.3437174791,43.7890354466
490,16.2785660491,43.1000384734,16.5395434961,21.0165739759,47.8568379441,21.3960149073,47.5958604878,43.4794794819
491,21.8953641289,39.6161306279,21.9699291137,25.8424017306,42.9599728949,25.9941783463,42.8481254176,39.7679072646
492,21.5879954295,42.488217837,23.48940259,20.2149891764,44.4048813863,22.0363092462,42.5034742165,44.3095382585
493,21.7097381666,42.5940498416,23.9839702732,19.9793340824,43.594561791,21.9524299101,41.3203296938,44.5671460576
494,17.7171519963,39.5599119369,20.4760565044,21.3467159522,46.9466268124,25.3308523224,44.2250047968,43.544048945
495,17.3069836113,38.3091508432,20.8115379928,20.7789477096,48.2514531257,26.2808510055,44.7468987442,43.7731108108
496,21.4819278013,38.7606999032,23.1596400072,24.7972261471,42.6583840477,27.1497678024,41.0179543436,41.1132418408
497,10.59707371,45.3226448659,15.2946678709,14.3601592976,53.8074835473,20.1656247019,49.1471718694,51.128111836
498,25.2681281066,45.0397596415,26.8712753245,18.4788057519,40.6657978774,19.3135784938,39.0253681639,45.874532573
499,24.2308456142,36.7107253157,25.6102978682,25.5171781858,40.7469901796,27.376445259,39.3675379255,38.5699925698
500,22.0038217487,38.8442406603,23.8306639244,23.3250509203,43.5531029319,25.6396487669,41.7262607563,41.1588388259
501,20.7635432487,38.8102532625,22.0311480254,24.543231459,43.9159716498,26.478385907,42.6483668637,40.7454079554
502,26.4006440607,40.840975427,28.6375936654,23.6901927625,37.6226745676,24.8664631722,35.4230074583,42.0172460168
503,22.8430711032,42.9662775171,25.1918681915,20.9586301618,42.1554026816,22.7420083248,39.8066055995,44.7876002468
504,25.2167435082,39.7165245947,27.7519530586,23.3246219441,39.5705034568,25.1459443447,37.0352939032,41.5757914769
505,21.2374424551,40.0339618215,22.9524371503,22.5416722816,44.0916109043,24.6286047357,42.376616206,42.1208945875
506,22.2448562848,43.2436835285,24.5190883789,19.4147396942,42.6756626577,21.1222275394,40.4387130561,44.9511717293
507,22.7469292237,41.7532187813,24.2755114568,21.7945759931,43.252300594,23.236455016,41.7237183578,43.1950980554
508,20.3409676848,46.2065494714,23.1371546853,16.6480195368,43.8289385177,18.5831733836,41.0327515172,48.1796480119
509,24.0054252405,42.474983796,24.0054252405,21.5677249855,40.9316772475,21.5677249855,40.9316772475,42.474983796
510,20.8074225914,41.8346185247,23.7527395616,20.0546292858,44.6309358655,22.8625022293,41.6856188859,44.6424920008
511,19.9971334724,36.2092503012,21.6002806935,24.7500910513,44.0443417042,27.8615182858,42.4411944956,39.3586220851
512,22.2249438409,50.4989159283,23.8653735513,13.0100247704,42.0219478301,13.8068532974,40.4188006122,51.2957447157
513,23.9863602649,26.5902314596,34.8355658475,22.6819772288,42.2547820241,37.8976085301,30.0634066892,41.3884768402
514,19.5347330208,20.4093121896,37.6913072996,15.3247905754,45.8934558484,44.541820821,27.7368815695,49.6263437281
515,18.0501215657,38.8091428747,20.0633762128,22.3792876936,47.5405738382,25.6804362352,45.5646016835,42.1102918858
516,11.2290287722,45.0147188348,17.7534651056,13.2174503305,54.5140035943,20.7304079671,47.9895672515,52.5276785488
517,16.4170447261,55.7077809455,16.6780221824,9.90908485774,48.3308590654,10.0988060135,48.0698816153,55.8975021792
518,15.7600314671,46.9082279387,19.301868341,14.8453744251,49.9107954174,18.2224082782,46.3316760541,50.3232069487
519,25.4451575027,37.4719270387,26.1535248712,25.9748184257,39.1651150707,26.7337034442,38.4567476897,38.2687563946
520,22.6903684054,17.6446108398,39.8030328621,16.0130102836,42.7483498447,46.3683733209,25.6356853756,48.0379185178
521,24.5171801015,24.7072518684,39.430177449,23.6448150104,40.6604997333,40.833526773,25.7475023765,41.8959637877
522,18.1561282256,38.7703187346,19.9084054164,23.8203214278,46.6026706883,26.9317420256,44.8503934975,41.919683899
523,22.1601217215,22.0034593178,40.6522384447,20.2200847379,42.8891880464,43.0624591251,24.3970713232,44.8458340605
524,24.6969652463,25.7764670913,40.3928949565,25.510858223,40.6538724129,39.2845761682,24.9206602009,39.55018507
525,20.2032755109,17.8133802069,43.6912463438,17.7374919494,43.8403763135,46.9544757612,20.3524054806,47.0683081768
526,25.0060593585,21.1145195642,38.9869943735,20.9247989122,39.2852543254,44.4122184297,25.3043193011,44.6019391238
527,25.0449758129,30.1690548319,37.1990686647,27.3991318964,38.9886283448,35.2915152384,26.8345355054,38.0234942108
528,12.2812243986,38.7230135573,14.2944790457,21.8378904751,51.8006673954,26.3152936584,49.7874127483,43.2383614983
529,-1.82814163914,27.6540104106,64.5719790823,18.2438683672,67.3681660828,38.0507005077,0.968045361364,47.42290004
530,23.9720693243,38.9572153349,25.0159791465,25.4111326889,40.7491913523,26.6253473182,39.7052815394,40.1714300999
531,17.1700719859,51.4825200625,23.8063558185,8.87114062642,48.6737789054,12.7414522666,42.0374950822,55.3528331367
532,19.8625813717,23.8412522205,45.1028293954,23.0064781794,45.7366317791,41.637118432,20.459101263,42.4718926088
533,15.5388424771,40.1332920868,17.1047071963,21.6164928009,48.7202615931,24.3105351355,47.1543968676,42.8273348558
534,17.1239550521,40.5194874121,19.3609046569,20.7505344425,48.7767919351,24.1275722335,46.5025598379,43.8585815325
535,18.2034219507,11.7502229407,43.9656248777,10.6118967078,45.7924670627,52.5402537273,20.0675466188,53.6406361539
536,19.5108516153,48.7972261471,19.8463940596,16.8102532625,46.5033768297,17.1138069422,46.130551893,49.1007799064
537,20.1363927104,39.3914546398,20.3600876743,25.8833186229,45.3020757461,26.2627606257,45.115663284,39.7708966878
538,22.1985200369,43.8449671644,25.442096959,19.4089115242,42.0700890142,21.6476182703,38.8265120921,46.0457301984
539,16.7670490665,18.291821908,47.7488010796,17.7606023967,48.2334734936,45.7255184663,17.2517214898,46.2567381001
540,15.4928169724,27.2447893663,47.1083713692,23.9436406375,48.5623886081,37.5276785488,16.9095517188,40.8667719127
541,16.0711193563,39.6766081331,17.8979615287,22.2222622646,48.9169960374,25.4095774034,47.1274363542,42.9018679882
542,21.9875370468,44.468626043,22.6959044247,20.374039175,42.1200834804,20.9811468152,41.37443361,45.0377895759
543,23.6769004081,45.2404281806,26.286674934,19.0968421846,41.4979322426,20.6146118934,38.9254401967,46.7202539832
544,17.4373169725,45.8156561376,24.6701206839,13.9804839179,46.5922268007,18.9511717293,39.3967055692,50.7863453261
545,19.6056338328,45.8911442632,21.3579110204,17.8883419266,46.1507691256,19.4440529846,44.3984919349,47.4468557064
546,18.5102784656,45.7186876271,21.2319004813,17.6779387136,47.2550808677,20.2201984797,44.5334588521,48.2609480147
547,18.2575623072,46.6440526829,24.1109137646,15.112466072,45.9584548871,19.1724893748,40.1423859191,50.7040770977
548,19.0487864381,37.6422963317,20.8383461213,23.6029661713,45.4075092563,26.7523292764,43.5806670807,40.7916598203
549,19.4959629969,38.5988730802,22.7022574266,22.0172782302,45.3327309213,26.4187997452,42.1637189747,42.9624510726
550,17.6558356979,45.5491560972,18.8115929973,17.5084440791,47.1462879796,18.6467678433,45.9905306801,46.7254242728
551,22.4479072969,36.9292770964,24.9085518656,24.3697744488,41.6111089056,27.6709124759,39.1504643369,40.2304154845
552,16.2549894292,42.3218304569,27.5888674134,13.5222558008,49.0263011162,21.9458460622,37.6924231226,50.745422833
553,17.585599474,44.4505281628,25.0793806448,14.8540957145,47.5607241604,20.5457167469,40.1042254789,50.142150665
554,23.836651191,39.3276064318,26.6328381915,23.6187088906,41.8813779832,26.3127467243,39.1224734752,42.0595888291
555,22.7714083163,47.1339110378,24.3745555249,17.5374217317,42.7175422784,18.5239712554,41.1516775497,48.120460811
556,26.0680647639,23.1906907986,38.2967225975,22.1661973017,39.8625873168,41.2141890148,27.6712119819,42.2386826833
557,24.2187982348,48.1447061363,24.4797756849,17.2581426603,39.8028804708,17.4099193602,39.5791855132,48.2964828814
558,21.5145767471,16.9165316219,41.4234282168,16.1197046888,42.653750498,48.1066186289,22.7448990221,48.8655016325
559,15.145806256,39.9655151754,15.8914561263,23.2321505196,48.9237452696,24.7119717878,48.1408129068,41.445336658
560,22.0256670075,40.5764014846,22.2493619652,24.0707157725,43.0902757766,24.4122126924,42.8665808127,40.8799543503
561,19.8359865935,26.7464622822,44.6661272005,26.101412488,44.9643871399,38.6229679373,20.1715290378,39.2680178001
562,19.9297080018,47.9410142772,20.5635103949,15.764418898,45.9901708807,16.2576921061,45.356368497,48.4342876249
563,27.9222636926,26.7281779186,37.5784294803,26.4625691626,37.9139719246,39.211790084,28.2950886294,39.4773988688
564,23.1451111883,27.0120710195,40.2950581499,25.4563626993,41.376250452,37.1810917878,24.2263035029,38.7368002694
565,24.1181751937,20.055421624,38.6210651244,18.4238278621,41.6036645964,44.7949391923,27.1007746656,46.4265333286
566,28.178668552,24.5142420368,36.5299470705,24.0209695858,37.5365744002,40.2989616032,29.1852958693,40.7922341235
567,21.8314749617,43.8223662411,25.0377693914,18.1722097669,43.2316261627,20.4109066276,40.0253317331,46.099007624
568,19.6681574021,36.9806046472,21.7186945322,24.4969492562,45.6913377791,28.4431502074,43.640800649,40.9268060211
569,15.0665281825,15.4060611496,46.5329526096,12.7120359788,49.5901170664,48.6829688218,18.0864101469,51.339050807
570,16.5081992109,26.546560308,44.9920241629,22.2588824398,47.5272337071,39.1439864782,19.0434087519,43.4316649765
571,18.7551050314,18.3216102056,42.9141607498,16.1208546403,45.598500273,46.0207786743,21.476727047,48.2215348127
572,18.4376886685,18.0387699116,45.0201064631,17.3178328057,45.840321309,47.5971952251,19.2579035237,48.2801884606
573,14.2150240529,33.9475594451,21.1495678155,18.5043050553,50.4908901182,31.6709124759,43.5563463463,47.1141686327
574,25.0161434436,19.6271438671,37.3566487576,18.6785416977,39.6308808516,45.5050141358,26.9921155983,44.9358527021
575,21.1551952827,26.9158754217,42.7044764627,24.5633423089,44.0839287168,37.1987223283,22.5346475368,39.5512556969
576,19.2993319064,46.2994237521,19.7467218248,17.3480815274,46.6646820544,17.7654664858,46.2172921328,46.7168088181
577,25.9513822832,23.3187570666,36.3159154519,21.9907139611,38.9629724733,42.594355846,28.598439314,43.9603432849
578,18.7699936466,39.3204647948,20.7086832995,23.4218711943,46.7691461877,26.6091785649,44.7931740331,42.5077726076
579,22.0011633899,34.667153172,24.7227854149,24.8016749996,43.214902138,29.8482464179,40.5305626148,39.7137250316
580,16.8661050498,38.404329053,20.4825069055,20.1531906843,48.5935069238,25.6930369522,44.9771050682,43.9441762013
581,20.436871686,38.3425437166,23.8668610702,22.481893694,43.9248425189,26.8075252998,40.4948531253,42.668175919
582,14.6357218064,48.0507748307,18.811361061,13.142150665,51.1352828388,17.0124541245,46.9596435749,51.9210794653
583,20.8974552894,45.9287151954,21.2329977306,18.6469378399,45.0565110078,18.9125462107,44.7209685635,46.1943236277
584,21.0730945533,18.153210345,44.5983478787,17.9255458718,44.933890323,46.6112730773,21.3713544927,46.8768816937
585,20.2288518434,47.2028334508,20.2288518434,17.0752219268,45.208122417,17.0752219268,45.208122417,47.2028334508
586,24.6016158212,42.7023456738,24.9371582624,22.9335129514,40.0365680844,23.1991210446,39.7383081325,42.9300097922
587,24.2270959573,47.5309821797,24.5999208909,16.3030215843,40.8923705049,16.4927418527,40.5195455682,47.7207025004
588,22.7896622546,42.130406255,27.1517139806,20.0090018962,41.393626455,22.8168643055,37.0315747353,44.9382692079
589,22.6123585493,37.5529516891,23.5071383893,26.3594421844,42.1483850822,27.8013179238,41.2908877346,38.9948275695
590,17.559431415,44.687480139,21.3622457359,16.3052707167,46.7143412462,19.7202420662,42.9115269253,48.064508196
591,23.500450113,16.9955075192,39.5692047599,16.4263456769,41.2841994583,47.4266980425,25.7746822102,47.4266980425
592,21.373683541,49.0313987601,22.9768307589,14.3504986695,43.6313320896,15.2991008287,42.0281848685,49.9800012055
593,27.0488838248,45.0472685658,28.5029010668,18.6002364119,37.9726543829,19.131453644,36.4813546485,45.5784859171
594,22.14163585,44.0945064833,27.3984674192,17.0782972517,43.1316796218,20.1517701747,37.8748480527,47.1679801299
595,25.4564488586,26.5764014846,39.5492313602,25.5898546863,40.3694462154,37.5801932824,26.2766637137,38.5287960702
596,25.0637419668,18.3482252122,39.7157618548,17.8928966034,40.5732592055,45.6679451356,25.921239305,46.1232738551
597,21.5692047599,44.0548749353,23.3960469356,20.1122003176,42.4846835594,21.5920168331,40.6578413744,45.5346917587
598,26.7223891846,23.0570373461,36.9750748635,22.2602131453,38.5409395921,41.4598834539,28.2509714083,42.2567077864
599,9.89001098959,47.1415116301,17.3465096586,10.1459549659,55.3373704223,17.8106744429,47.8435892484,54.8062335767
600,25.3746224352,35.9528053557,25.5610349067,28.2121967524,39.6165349159,28.5916383357,39.392839952,36.3322469701
601,15.754891678,39.4484907504,16.5005415515,23.9672743993,48.3770733953,25.4850406147,47.6314235249,41.0042013343
602,19.2155362467,42.2201984797,21.0423784223,20.4022993145,46.692733872,22.5271727927,44.8658916964,44.3830165385
603,21.8027645073,37.9877133872,22.6229793532,25.9973537774,42.3827008531,27.3633440508,41.5624860073,39.3537038033
604,25.4946397751,25.5944308579,34.9271105988,22.7106741298,40.2585071528,40.2029364374,30.8633188215,43.0866936069
605,21.0746066004,38.1519343392,28.3446928166,20.3181695713,44.4880124578,26.8825124497,37.2552087339,44.7162782392
